<?xml version="1.0" encoding="UTF-8" standalone="yes"?>
<addon id="service.ke4ukz.automation"
	name="Theater Lighting Automation"
	version="1.0.0"
	provider-name="Jonathan Dean">
	<requires>
		<import addon="xbmc.python" version="2.1.0"/>
	</requires>
	<extension
		point="xbmc.service"
		library="addon.py"
		start="startup">
	</extension>
	<extension point="xbmc.addon.metadata">
		<summary lang="en">Automatic lighting device control in Kodi</summary>
		<description lang="en">This service allows for control of lights (and possibly other devices) by sending commands over a serial port when playback events occur.</description>

		<platform>all</platform>
		<language></language>
		<license>GNU GENERAL PUBLIC LICENSE. Version 2, June 1991</license>
		<forum></forum>
		<website></website>
		<source></source>
		<email>ke4ukz@gmx.com</email>
	</extension>
</addon>
